abidjan, cote d'ivoire
abu dhabi, uae
acapulco, mexico
accra, ghana
acton, usa
adak, usa
adamstown pitcairn islands
addis ababa, ethiopia
adelaide, australia
aden, yemen
aguascalientes, mexico
aktau, kazakhstan
albuquerque, usa
alexandria, egypt
algiers, algeria
alofi, niue
amman, jordan
amsterdam, netherlands
amudsen-scott station, antarctica
anadyr, russia
anchorage,  usa
andorra la vella, andorra
ankara, tuerkiye
antananarivo, madagascar
antwerp, belgium
apia, samoa
aqtobe, kazakhstan
araguaina, brazil
ashgabat, turkmenistan
asmera, eritrea
astana, kazakhstan
asuncion, paraguay
athens, greece
atikokan, canada
atlanta, usa
atyrau, kazakhstan
auckland, new zealand
austin, usa
baghdad, iraq
baku, azerbaijan
baltimore, usa
bamako, mali
bandar seri begawan brunei
bangkok, thailand
bangui, central african republic
banjul, gambia
bantam village, cocos (keeling) islands
barcelona, spain
bari, italy
basse-terre, guadeloupe
basseterre, saint kitts and nevis
beijing, china mainland
beirut, lebanon
belem, brazil
belgrade, serbia
belize city, belize
benicia, usa
berkeley, usa
berkeley heights, usa
